Timestamp,Feature,ExecutionTime(s),Status
2025-04-07 22:52:57,Time Report,1744046573.14,Success
2025-04-07 22:53:11,Brightness Read,1744046588.62,Success
2025-04-07 22:53:11,Brightness Control,1744046588.62,Success
2025-04-07 22:53:30,Volume Read,1744046608.04,Success
2025-04-07 22:53:30,Volume Control,1744046608.04,Success
2025-04-07 23:51:32,Open Application,1744050090.73,Success
2025-04-07 23:51:53,Open Application,1744050111.26,Success
2025-04-07 23:58:30,Open Application,1744050508.12,Success
2025-04-07 23:59:35,Open Application,1744050573.73,Success
2025-04-08 00:03:52,Open Application,1.73,Success
2025-04-08 00:20:53,Open Application,1.76,Success
2025-04-08 20:14:57,News Reader,33.95,Success
2025-04-08 20:16:47,News Reader,1.33,Success
2025-04-08 20:20:45,Set Reminder,0.0,Failed
2025-04-08 20:21:21,Set Reminder,0.0,Failed
2025-04-09 12:04:32,Volume Control,0.0,Failed
2025-04-09 12:05:00,Volume Control,0.0,Failed
2025-04-09 12:07:16,Brightness Control,0.0,Failed
2025-04-09 12:09:12,Brightness Read,2.89,Success
2025-04-09 12:09:12,Brightness Control,2.89,Success
2025-04-09 12:09:37,Brightness Adjustment,2.72,Success
2025-04-09 12:09:37,Brightness Control,12.55,Success
2025-04-09 22:26:29,Camera Report,30.21,Success
2025-04-09 22:27:46,Weather Report,1744217866.25,Success
2025-04-09 22:28:00,Weather Report,14.66,Success
2025-04-09 22:28:34,News Reader,1.29,Success
2025-04-09 22:29:40,Set reminder,3.47,Success
2025-04-10 10:58:38,Open Application,0.0,Failed
2025-04-10 10:59:19,Open Application,1.81,Success
2025-04-10 10:59:49,Camera Report,20.17,Success
2025-04-10 11:00:18,Brightness Adjustment,2.94,Success
2025-04-10 11:00:18,Brightness Control,11.35,Success
2025-04-10 11:00:35,Volume Adjustment,2.56,Success
2025-04-10 11:00:35,Volume Control,8.53,Success
2025-04-10 11:36:49,Time Report,5.05,Success
2025-05-26 21:21:23,Time Report,4.64,Success
2025-05-26 21:22:29,News Reader,1.21,Success
2025-05-26 21:23:12,News Reader,1.19,Success
